{
    "chest": 0.4587722334690955,
    "waist": 0.7772191438598246,
    "hips": 0.4225002324282898
}