{
    "front": {
        "shoulder_width": 0.22831296879755592,
        "waist_width": 0.18411747783892962,
        "hip_width": 0.14004403150473047,
        "arm_length": 0.25610905147228524,
        "leg_length": 0.4171626029800839,
        "height": 0.838221458148848
    },
    "has_side_image": true
}