{
    "front": {
        "shoulder_width": 0.25082669907918204,
        "waist_width": 0.19923905534925487,
        "hip_width": 0.14867223279986577,
        "arm_length": 0.26277355240791667,
        "leg_length": 0.4081135130507604,
        "height": 0.8031427184331245
    },
    "has_side_image": true
}