{
    "front": {
        "shoulder_width": 0.16990950380571795,
        "waist_width": 0.14490297531176966,
        "hip_width": 0.11995970067418514,
        "arm_length": 0.13047683188528386,
        "leg_length": 0.3729112610368282,
        "height": 0.7216196719270995
    },
    "has_side_image": true
}