{
    "front": {
        "shoulder_width": 0.308818572330206,
        "waist_width": 0.24536259072602634,
        "hip_width": 0.1822077566467022,
        "arm_length": 0.276212093148959,
        "leg_length": 0.4610843441562609,
        "height": 0.8708873518764059
    },
    "has_side_image": true
}