{
    "chest": 0.5030087247045512,
    "waist": 0.7643664561155685,
    "hips": 0.41682221965617977
}